Workbook

Sheet 1 - Outreach
A1: ALIF AGENCY - OUTREACH TRACKER - Weekly + Daily Activity
A2: TARGETS | E2: 300+ emails/wk | F2: >35% open | G2: >5% reply | H2: >3% pos | J2: 80 calls/day | K2: >15% conv rate | M2: 50+ connects
A3: DATE | B3: WEEK | C3: DAY | D3: CHANNEL | E3: EMAILS SENT | F3: OPEN RATE | G3: REPLY RATE | H3: POS REPLY % | I3: POS REPLIES | J3: CALLS MADE | K3: CONVOS | L3: ANSWER RATE | M3: LI CONNECTS | N3: LI REPLIES | O3: TOTAL TOUCHES | P3: NOTES
A4: WEEK 1 - 06 Jul to 10 Jul 2026
A5: 46209 | B5: W1 | C5: Mon | D5: Email / Calls / LI | E5: 0 | I5: 0 | J5: 0 | K5: 0 | M5: 0 | N5: 0 | F5: 0 | G5: 0 | H5: 0 | L5: =IF(J5=0,"",K5/J5) | O5: =IF(SUM(E5,J5,M5,N5)=0,"",SUM(E5,J5,M5,N5))
A6: 46210 | B6: W1 | C6: Tue | D6: Email / Calls / LI | E6: 0 | I6: 0 | J6: 0 | K6: 0 | M6: 0 | N6: 0 | F6: 0 | G6: 0 | H6: 0 | L6: =IF(J6=0,"",K6/J6) | O6: =IF(SUM(E6,J6,M6,N6)=0,"",SUM(E6,J6,M6,N6))
A7: 46211 | B7: W1 | C7: Wed | D7: Email / Calls / LI | E7: 0 | I7: 0 | J7: 0 | K7: 0 | M7: 0 | N7: 0 | F7: 0 | G7: 0 | H7: 0 | L7: =IF(J7=0,"",K7/J7) | O7: =IF(SUM(E7,J7,M7,N7)=0,"",SUM(E7,J7,M7,N7))
A8: 46212 | B8: W1 | C8: Thu | D8: Email / Calls / LI | E8: 0 | I8: 0 | J8: 0 | K8: 0 | M8: 0 | N8: 0 | F8: 0 | G8: 0 | H8: 0 | L8: =IF(J8=0,"",K8/J8) | O8: =IF(SUM(E8,J8,M8,N8)=0,"",SUM(E8,J8,M8,N8))
A9: 46213 | B9: W1 | C9: Fri | D9: Email / Calls / LI | E9: 0 | I9: 0 | J9: 0 | K9: 0 | M9: 0 | N9: 0 | F9: 0 | G9: 0 | H9: 0 | L9: =IF(J9=0,"",K9/J9) | O9: =IF(SUM(E9,J9,M9,N9)=0,"",SUM(E9,J9,M9,N9))
A10: WK 1 TOTAL | E10: =SUM(E5:E9) | I10: =SUM(I5:I9) | J10: =SUM(J5:J9) | K10: =SUM(K5:K9) | M10: =SUM(M5:M9) | N10: =SUM(N5:N9) | O10: =SUM(O5:O9) | F10: =IFERROR(AVERAGEIF(F5:F9,">0"),"") | G10: =IFERROR(AVERAGEIF(G5:G9,">0"),"") | H10: =IFERROR(AVERAGEIF(H5:H9,">0"),"") | L10: =IFERROR(AVERAGEIF(L5:L9,">0"),"")
A12: WEEK 2 - 13 Jul to 17 Jul 2026
A13: 46216 | B13: W2 | C13: Mon | D13: Email / Calls / LI | E13: 0 | I13: 0 | J13: 0 | K13: 0 | M13: 0 | N13: 0 | F13: 0 | G13: 0 | H13: 0 | L13: =IF(J13=0,"",K13/J13) | O13: =IF(SUM(E13,J13,M13,N13)=0,"",SUM(E13,J13,M13,N13))
A14: 46217 | B14: W2 | C14: Tue | D14: Email / Calls / LI | E14: 0 | I14: 0 | J14: 0 | K14: 0 | M14: 0 | N14: 0 | F14: 0 | G14: 0 | H14: 0 | L14: =IF(J14=0,"",K14/J14) | O14: =IF(SUM(E14,J14,M14,N14)=0,"",SUM(E14,J14,M14,N14))
A15: 46218 | B15: W2 | C15: Wed | D15: Email / Calls / LI | E15: 0 | I15: 0 | J15: 0 | K15: 0 | M15: 0 | N15: 0 | F15: 0 | G15: 0 | H15: 0 | L15: =IF(J15=0,"",K15/J15) | O15: =IF(SUM(E15,J15,M15,N15)=0,"",SUM(E15,J15,M15,N15))
A16: 46219 | B16: W2 | C16: Thu | D16: Email / Calls / LI | E16: 0 | I16: 0 | J16: 0 | K16: 0 | M16: 0 | N16: 0 | F16: 0 | G16: 0 | H16: 0 | L16: =IF(J16=0,"",K16/J16) | O16: =IF(SUM(E16,J16,M16,N16)=0,"",SUM(E16,J16,M16,N16))
A17: 46220 | B17: W2 | C17: Fri | D17: Email / Calls / LI | E17: 0 | I17: 0 | J17: 0 | K17: 0 | M17: 0 | N17: 0 | F17: 0 | G17: 0 | H17: 0 | L17: =IF(J17=0,"",K17/J17) | O17: =IF(SUM(E17,J17,M17,N17)=0,"",SUM(E17,J17,M17,N17))
A18: WK 2 TOTAL | E18: =SUM(E13:E17) | I18: =SUM(I13:I17) | J18: =SUM(J13:J17) | K18: =SUM(K13:K17) | M18: =SUM(M13:M17) | N18: =SUM(N13:N17) | O18: =SUM(O13:O17) | F18: =IFERROR(AVERAGEIF(F13:F17,">0"),"") | G18: =IFERROR(AVERAGEIF(G13:G17,">0"),"") | H18: =IFERROR(AVERAGEIF(H13:H17,">0"),"") | L18: =IFERROR(AVERAGEIF(L13:L17,">0"),"")
A20: WEEK 3 - 20 Jul to 24 Jul 2026
A21: 46223 | B21: W3 | C21: Mon | D21: Email / Calls / LI | E21: 0 | I21: 0 | J21: 0 | K21: 0 | M21: 0 | N21: 0 | F21: 0 | G21: 0 | H21: 0 | L21: =IF(J21=0,"",K21/J21) | O21: =IF(SUM(E21,J21,M21,N21)=0,"",SUM(E21,J21,M21,N21))
A22: 46224 | B22: W3 | C22: Tue | D22: Email / Calls / LI | E22: 0 | I22: 0 | J22: 0 | K22: 0 | M22: 0 | N22: 0 | F22: 0 | G22: 0 | H22: 0 | L22: =IF(J22=0,"",K22/J22) | O22: =IF(SUM(E22,J22,M22,N22)=0,"",SUM(E22,J22,M22,N22))
A23: 46225 | B23: W3 | C23: Wed | D23: Email / Calls / LI | E23: 0 | I23: 0 | J23: 0 | K23: 0 | M23: 0 | N23: 0 | F23: 0 | G23: 0 | H23: 0 | L23: =IF(J23=0,"",K23/J23) | O23: =IF(SUM(E23,J23,M23,N23)=0,"",SUM(E23,J23,M23,N23))
A24: 46226 | B24: W3 | C24: Thu | D24: Email / Calls / LI | E24: 0 | I24: 0 | J24: 0 | K24: 0 | M24: 0 | N24: 0 | F24: 0 | G24: 0 | H24: 0 | L24: =IF(J24=0,"",K24/J24) | O24: =IF(SUM(E24,J24,M24,N24)=0,"",SUM(E24,J24,M24,N24))
A25: 46227 | B25: W3 | C25: Fri | D25: Email / Calls / LI | E25: 0 | I25: 0 | J25: 0 | K25: 0 | M25: 0 | N25: 0 | F25: 0 | G25: 0 | H25: 0 | L25: =IF(J25=0,"",K25/J25) | O25: =IF(SUM(E25,J25,M25,N25)=0,"",SUM(E25,J25,M25,N25))
A26: WK 3 TOTAL | E26: =SUM(E21:E25) | I26: =SUM(I21:I25) | J26: =SUM(J21:J25) | K26: =SUM(K21:K25) | M26: =SUM(M21:M25) | N26: =SUM(N21:N25) | O26: =SUM(O21:O25) | F26: =IFERROR(AVERAGEIF(F21:F25,">0"),"") | G26: =IFERROR(AVERAGEIF(G21:G25,">0"),"") | H26: =IFERROR(AVERAGEIF(H21:H25,">0"),"") | L26: =IFERROR(AVERAGEIF(L21:L25,">0"),"")
A28: WEEK 4 - 27 Jul to 31 Jul 2026
A29: 46230 | B29: W4 | C29: Mon | D29: Email / Calls / LI | E29: 0 | I29: 0 | J29: 0 | K29: 0 | M29: 0 | N29: 0 | F29: 0 | G29: 0 | H29: 0 | L29: =IF(J29=0,"",K29/J29) | O29: =IF(SUM(E29,J29,M29,N29)=0,"",SUM(E29,J29,M29,N29))
A30: 46231 | B30: W4 | C30: Tue | D30: Email / Calls / LI | E30: 0 | I30: 0 | J30: 0 | K30: 0 | M30: 0 | N30: 0 | F30: 0 | G30: 0 | H30: 0 | L30: =IF(J30=0,"",K30/J30) | O30: =IF(SUM(E30,J30,M30,N30)=0,"",SUM(E30,J30,M30,N30))
A31: 46232 | B31: W4 | C31: Wed | D31: Email / Calls / LI | E31: 0 | I31: 0 | J31: 0 | K31: 0 | M31: 0 | N31: 0 | F31: 0 | G31: 0 | H31: 0 | L31: =IF(J31=0,"",K31/J31) | O31: =IF(SUM(E31,J31,M31,N31)=0,"",SUM(E31,J31,M31,N31))
A32: 46233 | B32: W4 | C32: Thu | D32: Email / Calls / LI | E32: 0 | I32: 0 | J32: 0 | K32: 0 | M32: 0 | N32: 0 | F32: 0 | G32: 0 | H32: 0 | L32: =IF(J32=0,"",K32/J32) | O32: =IF(SUM(E32,J32,M32,N32)=0,"",SUM(E32,J32,M32,N32))
A33: 46234 | B33: W4 | C33: Fri | D33: Email / Calls / LI | E33: 0 | I33: 0 | J33: 0 | K33: 0 | M33: 0 | N33: 0 | F33: 0 | G33: 0 | H33: 0 | L33: =IF(J33=0,"",K33/J33) | O33: =IF(SUM(E33,J33,M33,N33)=0,"",SUM(E33,J33,M33,N33))
A34: WK 4 TOTAL | E34: =SUM(E29:E33) | I34: =SUM(I29:I33) | J34: =SUM(J29:J33) | K34: =SUM(K29:K33) | M34: =SUM(M29:M33) | N34: =SUM(N29:N33) | O34: =SUM(O29:O33) | F34: =IFERROR(AVERAGEIF(F29:F33,">0"),"") | G34: =IFERROR(AVERAGEIF(G29:G33,">0"),"") | H34: =IFERROR(AVERAGEIF(H29:H33,">0"),"") | L34: =IFERROR(AVERAGEIF(L29:L33,">0"),"")
A36: WEEK 5 - 03 Aug to 07 Aug 2026
A37: 46237 | B37: W5 | C37: Mon | D37: Email / Calls / LI | E37: 0 | I37: 0 | J37: 0 | K37: 0 | M37: 0 | N37: 0 | F37: 0 | G37: 0 | H37: 0 | L37: =IF(J37=0,"",K37/J37) | O37: =IF(SUM(E37,J37,M37,N37)=0,"",SUM(E37,J37,M37,N37))
A38: 46238 | B38: W5 | C38: Tue | D38: Email / Calls / LI | E38: 0 | I38: 0 | J38: 0 | K38: 0 | M38: 0 | N38: 0 | F38: 0 | G38: 0 | H38: 0 | L38: =IF(J38=0,"",K38/J38) | O38: =IF(SUM(E38,J38,M38,N38)=0,"",SUM(E38,J38,M38,N38))
A39: 46239 | B39: W5 | C39: Wed | D39: Email / Calls / LI | E39: 0 | I39: 0 | J39: 0 | K39: 0 | M39: 0 | N39: 0 | F39: 0 | G39: 0 | H39: 0 | L39: =IF(J39=0,"",K39/J39) | O39: =IF(SUM(E39,J39,M39,N39)=0,"",SUM(E39,J39,M39,N39))
A40: 46240 | B40: W5 | C40: Thu | D40: Email / Calls / LI | E40: 0 | I40: 0 | J40: 0 | K40: 0 | M40: 0 | N40: 0 | F40: 0 | G40: 0 | H40: 0 | L40: =IF(J40=0,"",K40/J40) | O40: =IF(SUM(E40,J40,M40,N40)=0,"",SUM(E40,J40,M40,N40))
A41: 46241 | B41: W5 | C41: Fri | D41: Email / Calls / LI | E41: 0 | I41: 0 | J41: 0 | K41: 0 | M41: 0 | N41: 0 | F41: 0 | G41: 0 | H41: 0 | L41: =IF(J41=0,"",K41/J41) | O41: =IF(SUM(E41,J41,M41,N41)=0,"",SUM(E41,J41,M41,N41))
A42: WK 5 TOTAL | E42: =SUM(E37:E41) | I42: =SUM(I37:I41) | J42: =SUM(J37:J41) | K42: =SUM(K37:K41) | M42: =SUM(M37:M41) | N42: =SUM(N37:N41) | O42: =SUM(O37:O41) | F42: =IFERROR(AVERAGEIF(F37:F41,">0"),"") | G42: =IFERROR(AVERAGEIF(G37:G41,">0"),"") | H42: =IFERROR(AVERAGEIF(H37:H41,">0"),"") | L42: =IFERROR(AVERAGEIF(L37:L41,">0"),"")
A44: WEEK 6 - 10 Aug to 14 Aug 2026
A45: 46244 | B45: W6 | C45: Mon | D45: Email / Calls / LI | E45: 0 | I45: 0 | J45: 0 | K45: 0 | M45: 0 | N45: 0 | F45: 0 | G45: 0 | H45: 0 | L45: =IF(J45=0,"",K45/J45) | O45: =IF(SUM(E45,J45,M45,N45)=0,"",SUM(E45,J45,M45,N45))
A46: 46245 | B46: W6 | C46: Tue | D46: Email / Calls / LI | E46: 0 | I46: 0 | J46: 0 | K46: 0 | M46: 0 | N46: 0 | F46: 0 | G46: 0 | H46: 0 | L46: =IF(J46=0,"",K46/J46) | O46: =IF(SUM(E46,J46,M46,N46)=0,"",SUM(E46,J46,M46,N46))
A47: 46246 | B47: W6 | C47: Wed | D47: Email / Calls / LI | E47: 0 | I47: 0 | J47: 0 | K47: 0 | M47: 0 | N47: 0 | F47: 0 | G47: 0 | H47: 0 | L47: =IF(J47=0,"",K47/J47) | O47: =IF(SUM(E47,J47,M47,N47)=0,"",SUM(E47,J47,M47,N47))
A48: 46247 | B48: W6 | C48: Thu | D48: Email / Calls / LI | E48: 0 | I48: 0 | J48: 0 | K48: 0 | M48: 0 | N48: 0 | F48: 0 | G48: 0 | H48: 0 | L48: =IF(J48=0,"",K48/J48) | O48: =IF(SUM(E48,J48,M48,N48)=0,"",SUM(E48,J48,M48,N48))
A49: 46248 | B49: W6 | C49: Fri | D49: Email / Calls / LI | E49: 0 | I49: 0 | J49: 0 | K49: 0 | M49: 0 | N49: 0 | F49: 0 | G49: 0 | H49: 0 | L49: =IF(J49=0,"",K49/J49) | O49: =IF(SUM(E49,J49,M49,N49)=0,"",SUM(E49,J49,M49,N49))
A50: WK 6 TOTAL | E50: =SUM(E45:E49) | I50: =SUM(I45:I49) | J50: =SUM(J45:J49) | K50: =SUM(K45:K49) | M50: =SUM(M45:M49) | N50: =SUM(N45:N49) | O50: =SUM(O45:O49) | F50: =IFERROR(AVERAGEIF(F45:F49,">0"),"") | G50: =IFERROR(AVERAGEIF(G45:G49,">0"),"") | H50: =IFERROR(AVERAGEIF(H45:H49,">0"),"") | L50: =IFERROR(AVERAGEIF(L45:L49,">0"),"")
A52: WEEK 7 - 17 Aug to 21 Aug 2026
A53: 46251 | B53: W7 | C53: Mon | D53: Email / Calls / LI | E53: 0 | I53: 0 | J53: 0 | K53: 0 | M53: 0 | N53: 0 | F53: 0 | G53: 0 | H53: 0 | L53: =IF(J53=0,"",K53/J53) | O53: =IF(SUM(E53,J53,M53,N53)=0,"",SUM(E53,J53,M53,N53))
A54: 46252 | B54: W7 | C54: Tue | D54: Email / Calls / LI | E54: 0 | I54: 0 | J54: 0 | K54: 0 | M54: 0 | N54: 0 | F54: 0 | G54: 0 | H54: 0 | L54: =IF(J54=0,"",K54/J54) | O54: =IF(SUM(E54,J54,M54,N54)=0,"",SUM(E54,J54,M54,N54))
A55: 46253 | B55: W7 | C55: Wed | D55: Email / Calls / LI | E55: 0 | I55: 0 | J55: 0 | K55: 0 | M55: 0 | N55: 0 | F55: 0 | G55: 0 | H55: 0 | L55: =IF(J55=0,"",K55/J55) | O55: =IF(SUM(E55,J55,M55,N55)=0,"",SUM(E55,J55,M55,N55))
A56: 46254 | B56: W7 | C56: Thu | D56: Email / Calls / LI | E56: 0 | I56: 0 | J56: 0 | K56: 0 | M56: 0 | N56: 0 | F56: 0 | G56: 0 | H56: 0 | L56: =IF(J56=0,"",K56/J56) | O56: =IF(SUM(E56,J56,M56,N56)=0,"",SUM(E56,J56,M56,N56))
A57: 46255 | B57: W7 | C57: Fri | D57: Email / Calls / LI | E57: 0 | I57: 0 | J57: 0 | K57: 0 | M57: 0 | N57: 0 | F57: 0 | G57: 0 | H57: 0 | L57: =IF(J57=0,"",K57/J57) | O57: =IF(SUM(E57,J57,M57,N57)=0,"",SUM(E57,J57,M57,N57))
A58: WK 7 TOTAL | E58: =SUM(E53:E57) | I58: =SUM(I53:I57) | J58: =SUM(J53:J57) | K58: =SUM(K53:K57) | M58: =SUM(M53:M57) | N58: =SUM(N53:N57) | O58: =SUM(O53:O57) | F58: =IFERROR(AVERAGEIF(F53:F57,">0"),"") | G58: =IFERROR(AVERAGEIF(G53:G57,">0"),"") | H58: =IFERROR(AVERAGEIF(H53:H57,">0"),"") | L58: =IFERROR(AVERAGEIF(L53:L57,">0"),"")
A60: WEEK 8 - 24 Aug to 28 Aug 2026
A61: 46258 | B61: W8 | C61: Mon | D61: Email / Calls / LI | E61: 0 | I61: 0 | J61: 0 | K61: 0 | M61: 0 | N61: 0 | F61: 0 | G61: 0 | H61: 0 | L61: =IF(J61=0,"",K61/J61) | O61: =IF(SUM(E61,J61,M61,N61)=0,"",SUM(E61,J61,M61,N61))
A62: 46259 | B62: W8 | C62: Tue | D62: Email / Calls / LI | E62: 0 | I62: 0 | J62: 0 | K62: 0 | M62: 0 | N62: 0 | F62: 0 | G62: 0 | H62: 0 | L62: =IF(J62=0,"",K62/J62) | O62: =IF(SUM(E62,J62,M62,N62)=0,"",SUM(E62,J62,M62,N62))
A63: 46260 | B63: W8 | C63: Wed | D63: Email / Calls / LI | E63: 0 | I63: 0 | J63: 0 | K63: 0 | M63: 0 | N63: 0 | F63: 0 | G63: 0 | H63: 0 | L63: =IF(J63=0,"",K63/J63) | O63: =IF(SUM(E63,J63,M63,N63)=0,"",SUM(E63,J63,M63,N63))
A64: 46261 | B64: W8 | C64: Thu | D64: Email / Calls / LI | E64: 0 | I64: 0 | J64: 0 | K64: 0 | M64: 0 | N64: 0 | F64: 0 | G64: 0 | H64: 0 | L64: =IF(J64=0,"",K64/J64) | O64: =IF(SUM(E64,J64,M64,N64)=0,"",SUM(E64,J64,M64,N64))
A65: 46262 | B65: W8 | C65: Fri | D65: Email / Calls / LI | E65: 0 | I65: 0 | J65: 0 | K65: 0 | M65: 0 | N65: 0 | F65: 0 | G65: 0 | H65: 0 | L65: =IF(J65=0,"",K65/J65) | O65: =IF(SUM(E65,J65,M65,N65)=0,"",SUM(E65,J65,M65,N65))
A66: WK 8 TOTAL | E66: =SUM(E61:E65) | I66: =SUM(I61:I65) | J66: =SUM(J61:J65) | K66: =SUM(K61:K65) | M66: =SUM(M61:M65) | N66: =SUM(N61:N65) | O66: =SUM(O61:O65) | F66: =IFERROR(AVERAGEIF(F61:F65,">0"),"") | G66: =IFERROR(AVERAGEIF(G61:G65,">0"),"") | H66: =IFERROR(AVERAGEIF(H61:H65,">0"),"") | L66: =IFERROR(AVERAGEIF(L61:L65,">0"),"")
A68: WEEK 9 - 31 Aug to 04 Sep 2026
A69: 46265 | B69: W9 | C69: Mon | D69: Email / Calls / LI | E69: 0 | I69: 0 | J69: 0 | K69: 0 | M69: 0 | N69: 0 | F69: 0 | G69: 0 | H69: 0 | L69: =IF(J69=0,"",K69/J69) | O69: =IF(SUM(E69,J69,M69,N69)=0,"",SUM(E69,J69,M69,N69))
A70: 46266 | B70: W9 | C70: Tue | D70: Email / Calls / LI | E70: 0 | I70: 0 | J70: 0 | K70: 0 | M70: 0 | N70: 0 | F70: 0 | G70: 0 | H70: 0 | L70: =IF(J70=0,"",K70/J70) | O70: =IF(SUM(E70,J70,M70,N70)=0,"",SUM(E70,J70,M70,N70))
A71: 46267 | B71: W9 | C71: Wed | D71: Email / Calls / LI | E71: 0 | I71: 0 | J71: 0 | K71: 0 | M71: 0 | N71: 0 | F71: 0 | G71: 0 | H71: 0 | L71: =IF(J71=0,"",K71/J71) | O71: =IF(SUM(E71,J71,M71,N71)=0,"",SUM(E71,J71,M71,N71))
A72: 46268 | B72: W9 | C72: Thu | D72: Email / Calls / LI | E72: 0 | I72: 0 | J72: 0 | K72: 0 | M72: 0 | N72: 0 | F72: 0 | G72: 0 | H72: 0 | L72: =IF(J72=0,"",K72/J72) | O72: =IF(SUM(E72,J72,M72,N72)=0,"",SUM(E72,J72,M72,N72))
A73: 46269 | B73: W9 | C73: Fri | D73: Email / Calls / LI | E73: 0 | I73: 0 | J73: 0 | K73: 0 | M73: 0 | N73: 0 | F73: 0 | G73: 0 | H73: 0 | L73: =IF(J73=0,"",K73/J73) | O73: =IF(SUM(E73,J73,M73,N73)=0,"",SUM(E73,J73,M73,N73))
A74: WK 9 TOTAL | E74: =SUM(E69:E73) | I74: =SUM(I69:I73) | J74: =SUM(J69:J73) | K74: =SUM(K69:K73) | M74: =SUM(M69:M73) | N74: =SUM(N69:N73) | O74: =SUM(O69:O73) | F74: =IFERROR(AVERAGEIF(F69:F73,">0"),"") | G74: =IFERROR(AVERAGEIF(G69:G73,">0"),"") | H74: =IFERROR(AVERAGEIF(H69:H73,">0"),"") | L74: =IFERROR(AVERAGEIF(L69:L73,">0"),"")
A76: WEEK 10 - 07 Sep to 11 Sep 2026
A77: 46272 | B77: W10 | C77: Mon | D77: Email / Calls / LI | E77: 0 | I77: 0 | J77: 0 | K77: 0 | M77: 0 | N77: 0 | F77: 0 | G77: 0 | H77: 0 | L77: =IF(J77=0,"",K77/J77) | O77: =IF(SUM(E77,J77,M77,N77)=0,"",SUM(E77,J77,M77,N77))
A78: 46273 | B78: W10 | C78: Tue | D78: Email / Calls / LI | E78: 0 | I78: 0 | J78: 0 | K78: 0 | M78: 0 | N78: 0 | F78: 0 | G78: 0 | H78: 0 | L78: =IF(J78=0,"",K78/J78) | O78: =IF(SUM(E78,J78,M78,N78)=0,"",SUM(E78,J78,M78,N78))
A79: 46274 | B79: W10 | C79: Wed | D79: Email / Calls / LI | E79: 0 | I79: 0 | J79: 0 | K79: 0 | M79: 0 | N79: 0 | F79: 0 | G79: 0 | H79: 0 | L79: =IF(J79=0,"",K79/J79) | O79: =IF(SUM(E79,J79,M79,N79)=0,"",SUM(E79,J79,M79,N79))
A80: 46275 | B80: W10 | C80: Thu | D80: Email / Calls / LI | E80: 0 | I80: 0 | J80: 0 | K80: 0 | M80: 0 | N80: 0 | F80: 0 | G80: 0 | H80: 0 | L80: =IF(J80=0,"",K80/J80) | O80: =IF(SUM(E80,J80,M80,N80)=0,"",SUM(E80,J80,M80,N80))
A81: 46276 | B81: W10 | C81: Fri | D81: Email / Calls / LI | E81: 0 | I81: 0 | J81: 0 | K81: 0 | M81: 0 | N81: 0 | F81: 0 | G81: 0 | H81: 0 | L81: =IF(J81=0,"",K81/J81) | O81: =IF(SUM(E81,J81,M81,N81)=0,"",SUM(E81,J81,M81,N81))
A82: WK 10 TOTAL | E82: =SUM(E77:E81) | I82: =SUM(I77:I81) | J82: =SUM(J77:J81) | K82: =SUM(K77:K81) | M82: =SUM(M77:M81) | N82: =SUM(N77:N81) | O82: =SUM(O77:O81) | F82: =IFERROR(AVERAGEIF(F77:F81,">0"),"") | G82: =IFERROR(AVERAGEIF(G77:G81,">0"),"") | H82: =IFERROR(AVERAGEIF(H77:H81,">0"),"") | L82: =IFERROR(AVERAGEIF(L77:L81,">0"),"")
A84: WEEK 11 - 14 Sep to 18 Sep 2026
A85: 46279 | B85: W11 | C85: Mon | D85: Email / Calls / LI | E85: 0 | I85: 0 | J85: 0 | K85: 0 | M85: 0 | N85: 0 | F85: 0 | G85: 0 | H85: 0 | L85: =IF(J85=0,"",K85/J85) | O85: =IF(SUM(E85,J85,M85,N85)=0,"",SUM(E85,J85,M85,N85))
A86: 46280 | B86: W11 | C86: Tue | D86: Email / Calls / LI | E86: 0 | I86: 0 | J86: 0 | K86: 0 | M86: 0 | N86: 0 | F86: 0 | G86: 0 | H86: 0 | L86: =IF(J86=0,"",K86/J86) | O86: =IF(SUM(E86,J86,M86,N86)=0,"",SUM(E86,J86,M86,N86))
A87: 46281 | B87: W11 | C87: Wed | D87: Email / Calls / LI | E87: 0 | I87: 0 | J87: 0 | K87: 0 | M87: 0 | N87: 0 | F87: 0 | G87: 0 | H87: 0 | L87: =IF(J87=0,"",K87/J87) | O87: =IF(SUM(E87,J87,M87,N87)=0,"",SUM(E87,J87,M87,N87))
A88: 46282 | B88: W11 | C88: Thu | D88: Email / Calls / LI | E88: 0 | I88: 0 | J88: 0 | K88: 0 | M88: 0 | N88: 0 | F88: 0 | G88: 0 | H88: 0 | L88: =IF(J88=0,"",K88/J88) | O88: =IF(SUM(E88,J88,M88,N88)=0,"",SUM(E88,J88,M88,N88))
A89: 46283 | B89: W11 | C89: Fri | D89: Email / Calls / LI | E89: 0 | I89: 0 | J89: 0 | K89: 0 | M89: 0 | N89: 0 | F89: 0 | G89: 0 | H89: 0 | L89: =IF(J89=0,"",K89/J89) | O89: =IF(SUM(E89,J89,M89,N89)=0,"",SUM(E89,J89,M89,N89))
A90: WK 11 TOTAL | E90: =SUM(E85:E89) | I90: =SUM(I85:I89) | J90: =SUM(J85:J89) | K90: =SUM(K85:K89) | M90: =SUM(M85:M89) | N90: =SUM(N85:N89) | O90: =SUM(O85:O89) | F90: =IFERROR(AVERAGEIF(F85:F89,">0"),"") | G90: =IFERROR(AVERAGEIF(G85:G89,">0"),"") | H90: =IFERROR(AVERAGEIF(H85:H89,">0"),"") | L90: =IFERROR(AVERAGEIF(L85:L89,">0"),"")
A92: WEEK 12 - 21 Sep to 25 Sep 2026
A93: 46286 | B93: W12 | C93: Mon | D93: Email / Calls / LI | E93: 0 | I93: 0 | J93: 0 | K93: 0 | M93: 0 | N93: 0 | F93: 0 | G93: 0 | H93: 0 | L93: =IF(J93=0,"",K93/J93) | O93: =IF(SUM(E93,J93,M93,N93)=0,"",SUM(E93,J93,M93,N93))
A94: 46287 | B94: W12 | C94: Tue | D94: Email / Calls / LI | E94: 0 | I94: 0 | J94: 0 | K94: 0 | M94: 0 | N94: 0 | F94: 0 | G94: 0 | H94: 0 | L94: =IF(J94=0,"",K94/J94) | O94: =IF(SUM(E94,J94,M94,N94)=0,"",SUM(E94,J94,M94,N94))
A95: 46288 | B95: W12 | C95: Wed | D95: Email / Calls / LI | E95: 0 | I95: 0 | J95: 0 | K95: 0 | M95: 0 | N95: 0 | F95: 0 | G95: 0 | H95: 0 | L95: =IF(J95=0,"",K95/J95) | O95: =IF(SUM(E95,J95,M95,N95)=0,"",SUM(E95,J95,M95,N95))
A96: 46289 | B96: W12 | C96: Thu | D96: Email / Calls / LI | E96: 0 | I96: 0 | J96: 0 | K96: 0 | M96: 0 | N96: 0 | F96: 0 | G96: 0 | H96: 0 | L96: =IF(J96=0,"",K96/J96) | O96: =IF(SUM(E96,J96,M96,N96)=0,"",SUM(E96,J96,M96,N96))
A97: 46290 | B97: W12 | C97: Fri | D97: Email / Calls / LI | E97: 0 | I97: 0 | J97: 0 | K97: 0 | M97: 0 | N97: 0 | F97: 0 | G97: 0 | H97: 0 | L97: =IF(J97=0,"",K97/J97) | O97: =IF(SUM(E97,J97,M97,N97)=0,"",SUM(E97,J97,M97,N97))
A98: WK 12 TOTAL | E98: =SUM(E93:E97) | I98: =SUM(I93:I97) | J98: =SUM(J93:J97) | K98: =SUM(K93:K97) | M98: =SUM(M93:M97) | N98: =SUM(N93:N97) | O98: =SUM(O93:O97) | F98: =IFERROR(AVERAGEIF(F93:F97,">0"),"") | G98: =IFERROR(AVERAGEIF(G93:G97,">0"),"") | H98: =IFERROR(AVERAGEIF(H93:H97,">0"),"") | L98: =IFERROR(AVERAGEIF(L93:L97,">0"),"")

Sheet 2 - Conversion
A1: TARGETS 300+ emails/wk >35% open >5% reply >3% pos 80 calls/day >15% conv rate 50+ connects
A2: TARGETS | E2: >10% | G2: >70% | I2: >50% | O2: >30%
A3: WEEK | B3: WEEK START | C3: POS REPLIES | D3: MTGS BOOKED | E3: REPLY-BOOK % | F3: MTGS HELD | G3: SHOW RATE | H3: NO-SHOWS | I3: RECOVERED | J3: RECOVERY % | K3: DISCO HELD | L3: QUAL 4.0+ | M3: QUAL RATE | N3: PROPOSALS | O3: WON | P3: WIN RATE | Q3: NEW MRR USD | R3: NOTES
A4: W1 | B4: 46210 | C4: 0 | D4: 0 | F4: 0 | H4: 0 | I4: 0 | K4: 0 | L4: 0 | N4: 0 | O4: 0 | Q4: 0 | E4: =IF(C4=0,"",D4/C4) | G4: =IF(D4=0,"",F4/D4) | J4: =IF(H4=0,"",I4/H4) | M4: =IF(K4=0,"",L4/K4) | P4: =IF(N4=0,"",O4/N4)
A5: W2 | B5: 46217 | C5: 0 | D5: 0 | F5: 0 | H5: 0 | I5: 0 | K5: 0 | L5: 0 | N5: 0 | O5: 0 | Q5: 0 | E5: =IF(C5=0,"",D5/C5) | G5: =IF(D5=0,"",F5/D5) | J5: =IF(H5=0,"",I5/H5) | M5: =IF(K5=0,"",L5/K5) | P5: =IF(N5=0,"",O5/N5)
A6: W3 | B6: 46224 | C6: 0 | D6: 0 | F6: 0 | H6: 0 | I6: 0 | K6: 0 | L6: 0 | N6: 0 | O6: 0 | Q6: 0 | E6: =IF(C6=0,"",D6/C6) | G6: =IF(D6=0,"",F6/D6) | J6: =IF(H6=0,"",I6/H6) | M6: =IF(K6=0,"",L6/K6) | P6: =IF(N6=0,"",O6/N6)
A7: W4 | B7: 46231 | C7: 0 | D7: 0 | F7: 0 | H7: 0 | I7: 0 | K7: 0 | L7: 0 | N7: 0 | O7: 0 | Q7: 0 | E7: =IF(C7=0,"",D7/C7) | G7: =IF(D7=0,"",F7/D7) | J7: =IF(H7=0,"",I7/H7) | M7: =IF(K7=0,"",L7/K7) | P7: =IF(N7=0,"",O7/N7)
A8: W5 | B8: 46238 | C8: 0 | D8: 0 | F8: 0 | H8: 0 | I8: 0 | K8: 0 | L8: 0 | N8: 0 | O8: 0 | Q8: 0 | E8: =IF(C8=0,"",D8/C8) | G8: =IF(D8=0,"",F8/D8) | J8: =IF(H8=0,"",I8/H8) | M8: =IF(K8=0,"",L8/K8) | P8: =IF(N8=0,"",O8/N8)
A9: W6 | B9: 46245 | C9: 0 | D9: 0 | F9: 0 | H9: 0 | I9: 0 | K9: 0 | L9: 0 | N9: 0 | O9: 0 | Q9: 0 | E9: =IF(C9=0,"",D9/C9) | G9: =IF(D9=0,"",F9/D9) | J9: =IF(H9=0,"",I9/H9) | M9: =IF(K9=0,"",L9/K9) | P9: =IF(N9=0,"",O9/N9)
A10: W7 | B10: 46252 | C10: 0 | D10: 0 | F10: 0 | H10: 0 | I10: 0 | K10: 0 | L10: 0 | N10: 0 | O10: 0 | Q10: 0 | E10: =IF(C10=0,"",D10/C10) | G10: =IF(D10=0,"",F10/D10) | J10: =IF(H10=0,"",I10/H10) | M10: =IF(K10=0,"",L10/K10) | P10: =IF(N10=0,"",O10/N10)
A11: W8 | B11: 46259 | C11: 0 | D11: 0 | F11: 0 | H11: 0 | I11: 0 | K11: 0 | L11: 0 | N11: 0 | O11: 0 | Q11: 0 | E11: =IF(C11=0,"",D11/C11) | G11: =IF(D11=0,"",F11/D11) | J11: =IF(H11=0,"",I11/H11) | M11: =IF(K11=0,"",L11/K11) | P11: =IF(N11=0,"",O11/N11)
A12: W9 | B12: 46266 | C12: 0 | D12: 0 | F12: 0 | H12: 0 | I12: 0 | K12: 0 | L12: 0 | N12: 0 | O12: 0 | Q12: 0 | E12: =IF(C12=0,"",D12/C12) | G12: =IF(D12=0,"",F12/D12) | J12: =IF(H12=0,"",I12/H12) | M12: =IF(K12=0,"",L12/K12) | P12: =IF(N12=0,"",O12/N12)
A13: W10 | B13: 46273 | C13: 0 | D13: 0 | F13: 0 | H13: 0 | I13: 0 | K13: 0 | L13: 0 | N13: 0 | O13: 0 | Q13: 0 | E13: =IF(C13=0,"",D13/C13) | G13: =IF(D13=0,"",F13/D13) | J13: =IF(H13=0,"",I13/H13) | M13: =IF(K13=0,"",L13/K13) | P13: =IF(N13=0,"",O13/N13)
A14: W11 | B14: 46280 | C14: 0 | D14: 0 | F14: 0 | H14: 0 | I14: 0 | K14: 0 | L14: 0 | N14: 0 | O14: 0 | Q14: 0 | E14: =IF(C14=0,"",D14/C14) | G14: =IF(D14=0,"",F14/D14) | J14: =IF(H14=0,"",I14/H14) | M14: =IF(K14=0,"",L14/K14) | P14: =IF(N14=0,"",O14/N14)
A15: W12 | B15: 46287 | C15: 0 | D15: 0 | F15: 0 | H15: 0 | I15: 0 | K15: 0 | L15: 0 | N15: 0 | O15: 0 | Q15: 0 | E15: =IF(C15=0,"",D15/C15) | G15: =IF(D15=0,"",F15/D15) | J15: =IF(H15=0,"",I15/H15) | M15: =IF(K15=0,"",L15/K15) | P15: =IF(N15=0,"",O15/N15)
A16: 12-WK TOTAL / AVG | C16: =SUM(C4:C15) | D16: =SUM(D4:D15) | F16: =SUM(F4:F15) | H16: =SUM(H4:H15) | I16: =SUM(I4:I15) | K16: =SUM(K4:K15) | L16: =SUM(L4:L15) | N16: =SUM(N4:N15) | O16: =SUM(O4:O15) | Q16: =SUM(Q4:Q15) | E16: =IFERROR(AVERAGEIF(E4:E15,">0"),"") | G16: =IFERROR(AVERAGEIF(G4:G15,">0"),"") | J16: =IFERROR(AVERAGEIF(J4:J15,">0"),"") | M16: =IFERROR(AVERAGEIF(M4:M15,">0"),"") | P16: =IFERROR(AVERAGEIF(P4:P15,">0"),"")

Sheet 3 - Pipeline
A1: ALIF AGENCY - PIPELINE VALUE - Weekly Stage Breakdown - All values USD
A2: WEEK | B2: WEEK START | C2: TOTAL PIPELINE | D2: POS REPLY STAGE | E2: MTG BOOKED | F2: MTG HELD | G2: PROPOSAL SENT | H2: VERBAL YES | I2: AVG DEAL USD | J2: AVG AGE DAYS | K2: STALLED 7D+ | L2: DEALS WON | M2: DEALS LOST | N2: NEW MRR USD | O2: CUMUL MRR USD
A3: W1 | B3: 46210 | D3: 0 | E3: 0 | F3: 0 | G3: 0 | H3: 0 | I3: 0 | J3: 0 | K3: 0 | L3: 0 | M3: 0 | N3: 0 | C3: =SUM(D3:H3) | O3: =N3
A4: W2 | B4: 46217 | D4: 0 | E4: 0 | F4: 0 | G4: 0 | H4: 0 | I4: 0 | J4: 0 | K4: 0 | L4: 0 | M4: 0 | N4: 0 | C4: =SUM(D4:H4) | O4: =O3+N4
A5: W3 | B5: 46224 | D5: 0 | E5: 0 | F5: 0 | G5: 0 | H5: 0 | I5: 0 | J5: 0 | K5: 0 | L5: 0 | M5: 0 | N5: 0 | C5: =SUM(D5:H5) | O5: =O4+N5
A6: W4 | B6: 46231 | D6: 0 | E6: 0 | F6: 0 | G6: 0 | H6: 0 | I6: 0 | J6: 0 | K6: 0 | L6: 0 | M6: 0 | N6: 0 | C6: =SUM(D6:H6) | O6: =O5+N6
A7: W5 | B7: 46238 | D7: 0 | E7: 0 | F7: 0 | G7: 0 | H7: 0 | I7: 0 | J7: 0 | K7: 0 | L7: 0 | M7: 0 | N7: 0 | C7: =SUM(D7:H7) | O7: =O6+N7
A8: W6 | B8: 46245 | D8: 0 | E8: 0 | F8: 0 | G8: 0 | H8: 0 | I8: 0 | J8: 0 | K8: 0 | L8: 0 | M8: 0 | N8: 0 | C8: =SUM(D8:H8) | O8: =O7+N8
A9: W7 | B9: 46252 | D9: 0 | E9: 0 | F9: 0 | G9: 0 | H9: 0 | I9: 0 | J9: 0 | K9: 0 | L9: 0 | M9: 0 | N9: 0 | C9: =SUM(D9:H9) | O9: =O8+N9
A10: W8 | B10: 46259 | D10: 0 | E10: 0 | F10: 0 | G10: 0 | H10: 0 | I10: 0 | J10: 0 | K10: 0 | L10: 0 | M10: 0 | N10: 0 | C10: =SUM(D10:H10) | O10: =O9+N10
A11: W9 | B11: 46266 | D11: 0 | E11: 0 | F11: 0 | G11: 0 | H11: 0 | I11: 0 | J11: 0 | K11: 0 | L11: 0 | M11: 0 | N11: 0 | C11: =SUM(D11:H11) | O11: =O10+N11
A12: W10 | B12: 46273 | D12: 0 | E12: 0 | F12: 0 | G12: 0 | H12: 0 | I12: 0 | J12: 0 | K12: 0 | L12: 0 | M12: 0 | N12: 0 | C12: =SUM(D12:H12) | O12: =O11+N12
A13: W11 | B13: 46280 | D13: 0 | E13: 0 | F13: 0 | G13: 0 | H13: 0 | I13: 0 | J13: 0 | K13: 0 | L13: 0 | M13: 0 | N13: 0 | C13: =SUM(D13:H13) | O13: =O12+N13
A14: W12 | B14: 46287 | D14: 0 | E14: 0 | F14: 0 | G14: 0 | H14: 0 | I14: 0 | J14: 0 | K14: 0 | L14: 0 | M14: 0 | N14: 0 | C14: =SUM(D14:H14) | O14: =O13+N14
A15: 12-WEEK SUMMARY | K15: =SUM(K3:K14) | L15: =SUM(L3:L14) | M15: =SUM(M3:M14) | N15: =SUM(N3:N14) | O15: =O14

Sheet Dashboard
A1: ALIF AGENCY - HEAD OF SALES DASHBOARD - All values USD
A2: TARGETS >10% >70% >50% >30%
A4: OUTREACH - 12-WEEK TOTALS
A5: Total Positive Replies | B5: ='2 - Conversion'!C16 | C5: All channels combined
A6: Total Meetings Booked | B6: ='2 - Conversion'!D16 | C6: Target: 60+ over 12 weeks
A7: Total Proposals Sent | B7: ='2 - Conversion'!N16
A9: CONVERSION - 12-WEEK AVERAGES
A10: Reply to Booking Rate | B10: ='2 - Conversion'!E16 | C10: TARGET 10% | Baseline 0.2% - THE ONE METRIC
A11: Show Rate | B11: ='2 - Conversion'!G16 | C11: Target 70%
A12: No-Show Recovery | B12: ='2 - Conversion'!J16 | C12: Target 50%
A13: Qualification Rate | B13: ='2 - Conversion'!M16 | C13: Target 80%
A14: Proposal Win Rate | B14: ='2 - Conversion'!P16 | C14: Target 30%
A16: PIPELINE - 12-WEEK TOTALS (USD)
A17: Deals Won | B17: ='3 - Pipeline'!L15
A18: Deals Lost | B18: ='3 - Pipeline'!M15
A19: Total New MRR Added | B19: ='3 - Pipeline'!N15 | C19: USD
A20: Cumulative MRR Week 12 | B20: ='3 - Pipeline'!O14 | C20: USD - running balance
A22: THE 5 FUNNEL RATIOS - REVIEW EVERY MONDAY
A23: 1. Positive Reply to Booking | B23: ='2 - Conversion'!E16 | C23: Target 10%
A24: 2. Booked to Held | B24: ='2 - Conversion'!G16 | C24: Target 70%
A25: 3. Held to Qualified | B25: ='2 - Conversion'!M16 | C25: Target 80%
A26: 4. Qualified to Proposal | C26: Aim 90%+
A27: 5. Proposal to Won | B27: ='2 - Conversion'!P16 | C27: Target 30%
A29: HOW TO USE
A30: Sheet 1 - Outreach: Fill daily Mon-Fri. Cols F G H = enter as decimals (0.35 = 35%). L and O auto-calculate.
A31: Sheet 2 - Conversion: Fill each Monday with previous week totals. Rate columns (E G J M P) auto-calculate.
A32: Sheet 3 - Pipeline: Enter USD deal values by stage each Monday. Cumulative MRR (col O) chains automatically.
A33: All currency in USD. Convert at prevailing rate before entry regardless of deal geography.
A34: THE ONE METRIC to move first: Reply-to-Booking % (Sheet 2 col E). Baseline 0.2%. Target 10%+.
